transaction_hash,category,comment
42dceefc8011c12f4b327948dc01a3a270a0e107fb1d47c7f9ccf2db9053665e,Salary,
275e4bbcd8c93d0a8fdf53c1225e805299e3d588ebc6a0f4ed3440bd5f8971e8,Uncategorized,
ed0be7a81752af85968ee0e1cc49dfc6af16f8d8f0597fc67b23efc3a8cdcd7f,Groceries,
ad155972e0e63d8997f4a857a2aad8e65d41b884877076e0254d06bc458e8132,Uncategorized,
58a6da8af7f84146574486a929f2b8e9a3d368ce0ffecd7b8b26683bfd1abb24,Food,
c1bd9d657536736dba8d5a4ffd1ab29f70048727303689ca5b869af8fbfa7219,Returns,
fb189c098c7002b6dd6e830392fd5c7738ef21203619d5b5d46685d878446668,Transportation,
6d8bd36f65fe9d501e5ded282cce2c8785b5eb1c6c4bffad52b9024b067ff338,Shopping,
f9f7ad24db9b21c8872f74c0474cd9a3d918b3adb534bb7faba0f540a1aa5bbb,Transportation,
d528dfe6d5592112808d9ac5e9ecb740fa0cddd4721736929868abd06d1fb9f8,Food,
382ef72f16e803b9097fed6e6caee685fd3dc7508ef9b3a8fb81d27ef03a5c23,Transportation,
0b3742c41246f37de450be80efd44a8527f1d6cc19d2264eb5518fcb40e21314,Groceries,
8871082ad1650750a92cfad00594ec1385c09589fa65928a3e5230f40aeff1d8,Food,
f5f93f72f1359db7d578f3dc87bea3102666ed1dc5a03f93cb70a8a2808f85b5,Uncategorized,
c3fd4811a0f17178a8ff6043aea0a95053244b12ae81b2be7a6496b997bb538f,Food,
c299827ff1d82dc9970217b93f57844ad43e886f91fad6bc215926a3d4add0d6,Food,
b60bf677488bb1baa0288001e7ceb71b10eb3dbc49cd04ce47f10aad9b574b64,Salary,
e96da8170f4c887da54dbad51436c0aaf7e19fec9589749db0779725c48d0cf5,Groceries,
bddf94ede7c93137a630051a47279e9a44cef0fbd74386c03906d8a736fe6f63,Food,
725090ee58ce7c7fdabc800ac8e218f71f779a9737bca05653f714eae9130ee3,Food,
7a4612e6d4e93326ecb2c8b929744d53009c6650139364f82d470d679d2f29e0,Groceries,
0468e29781215f767b43e62f147f1842cc3d0b701c865ec16352c0484c123490,Transportation,
ab6d3a7b99498877f6767bf7fbb1881de90d2315e63096708178ecdd19ad2399,Food,
080910fc23a883aea468724292293c2ef2769832114665daf0bc7d0032bddfe5,Food,
60bf8def73e69a6906051ac171d61d0d03c4c6d0f9b57e8162dd4f9d464553b4,Salary,
9f84742034d31b71384c7c017d0d370c49ef85fb911e8cf2fd53c2674bdfdb32,Groceries,
90008d6584f4a5eb685ec1a3d84ea899374511f50d177295c12c3c2db9a494fd,Shopping,
eccb680b39893a26258ee4b89fb6145771ffdd4cc29263c0631fb989d9f4dcc5,Uncategorized,
bab183910a5a961af4909a5c7db3408842e164c3a68aa704ebcc11b99a4bd0fe,Transportation,
5011428fc7af2c268f0a893cb357beea65ddab13fc08ec8f487f9067f3682d69,Salary,
e015a31a732406991633581bd514e30f0f476763697236ea4080da91fe98d630,Food,
8b968f88ee65134da4b4d8d2448aed22ad8f87195a292a4c39fdbc63c8d500d4,Groceries,
7d1036dd576cc9491c1bdd55bd64dea3bc70a604cfa4fcc874191ae0a30bf809,Food,
41be17817488f87cabe87057c20d1c8e5fec8262abe1faeea297b1a18df507cd,Groceries,
aecff0bdd56e3e5922b87cbd2ebb87681356be762042b2a77f8a0c176acdd153,Food,
372f08f8e3279b65f42d7992f613be28db5f837743a0e8ae82c3ea68c8ce12d7,Shopping,
b72caa3520bc5c80a22b8cb68d51f50bf34d1313870d685c891551d2b30c4524,Groceries,
a2fdf3c8052f98a7e3ea44724c05f06348842c1172a2c88ec2b48056a5da72d2,Transportation,
420e7085161db79ca6b49e94a79537c3e34e4fd6ddcbcf5411f9630746fca44e,Salary,
b4dda68fb48f62527a15d89810f4c8e0ae9fba53dfb07eb9577deee2000beb76,Uncategorized,
06251ddbd04bf30be41ff865ac4f9bd96933c8324c4cccf9e7f02c40d647ad42,Food,
8e8fd9387b448caa157f638c764a15c6b2b2f21d16fa91cca51f9565eab180d6,Salary,
8d10a8bbe7a36c2ca3d2d26c56e5556cc0212655ca95c1170529dd524670d6f6,Uncategorized,
a0054b043dc1af7b7c7239afad70a6d35d7db860d817a1d0cddb4b26762ec86b,Groceries,
ab8cefd86cee522e0b4b333c5f7ea7b2d7003e76229c237b2a972b0662183e25,Transportation,
f444e08ed349612cd6e968670117846fbca294b2048f152eab2f8e0321959199,Shopping,
1d8540714333f9369fe00d8834d2150e5cda436ed9217e87ebff202a23169c5c,Groceries,
7a51056442a93b854373feeb1525175bf505f6fff4546af1031e94a0836e35b0,Returns,
2d6976f8e686d6f1f7bac9fd41376a474648d832c0a0ed127f4f3002668e6fb2,Transportation,
9cd3a69114201cb4b57d7dfe847b957a830cbbcc83b5263502d67d1dad272415,Uncategorized,
a5347097283597d406934e117de99db4e05cdea9d7485eb8c92b5598c5865320,Food,
cb20064c9f5d9f7a8947c680cf7bb183fa46df449cd3c803a1ca1d200ff0e564,Shopping,
7ed8fa2da53ae44223d8a690ca0f321f68e667ae019be18246f28d16c96ac48f,Salary,
19d5a0e9e9d51ae9249357597273b3bae87f1094287ac439e6b4f4b8eefff95c,Shopping,
485a81e891c28bc05713113bc3c00b2ff73be4a255f80123a491ab1781b3419e,Services,
4371000179ba20f7e74698b60799d750a348bcd840a63f4dd7a111e39822dff3,Salary,
736d0ea1fe080034f539db97f7da2581e25d4b7a0cb676e22cfde4a9596f48ec,Uncategorized,
13e6d1e9aaf264748ddafeb33489a9737ac8f053d0cd4eaca8a173da92235d87,Salary,
1a020658c18174c712ba3a8304b6aa21dbae10c171367165d80522c6119ee51b,Shopping,
53ff5a6a7e9f405fa0347c7a8aa96884c32b16b0da8a25519884a56830c68eb5,Transportation,
9515f21a6c6dcb367f27af58872e63152e2bdc44fbc85e9d368b6c26b68b1e56,Housing,
a192817be67667984848fb1dd5de658003a24997565980ea5910a195c2bbb8ae,Salary,
f6d2868a8dab396e89baf162e342d020242d133ab6a1e76e8e4bc2d88eaa722c,Transportation,
bd762231f0f30fdaa52e116da5dafd8fc43d52a1bc32b5933ec0d7cfc9f14db8,Food,
e5ba9d2e01faa1c62dccf160a5043d551f69e93f33f7f4606dbcc6a8d514aa2c,Transportation,
5d96e38f0535c9a54fb4d960a8efad21ab9c41893e47cd5ee22648e97deb4b42,Groceries,
b9548648f9df9d4f4b66a48bc54ec656f6ef396e048f4e3ef7ff6e16ccba5d16,Food,
6aa63cec6aa02f81c9e4e671ae0478080ac8d5d8051e41f3d8d460e09e594ea0,Salary,
3a9312057b7e72e6e44c34841c192ea952b43362f1b25bb0ad339f1f113b0732,Salary,
60c3f94ea23eb6272028a97b49b8fe4af0b21a76aecd0b989deb1b352c116ab6,Transportation,
d32d3d1406ab99cd9415aebd58943199ef7d1811b16255ee5a9a0c5d780f3d8e,Uncategorized,
af0bbb86176e4d3b1d025add9e0dd55358d51e9340f77364908227dac28b670c,Groceries,
1743d6a633363c9e431cd5e22e656fab597064439edf2125113db877fa86f0c1,Food,
727b769f31bbbab6babb86ad0b3ebba326ecca64d3d6c5beb493556d92ded662,Groceries,
0f7a70ca67a2a416d558a0aa92ab9530dc2c2892bd5250a29a2902056f0f618f,Groceries,
29fcb356c9161d2aa18fde833a22fb5abc432ba3aac000e90a645908f4f8ce9a,Groceries,
8be86040716a3e9bd0fc091f06c75483211edc8ba415b1bd874be794d6f1d467,Salary,
ba57446b606693e908baeacf260b9b204ebe5eeb4f8251befa7a44020678eb29,Food,
cb0b449fe262ae22294498a55c11fc3c83238b55d6ffb9da30a6b8bc55fa1130,Uncategorized,
bed7975f02617a981fb1ba00591d18c79bb317e62799c3299b2bb2e190085efd,Groceries,
9e7651d3c75e2966eaee88a50aa7d7fc62a1154d743672d6c8fdd6d8a4c87c8c,Food,
5b6b7e3a172dc5de9257b12cdac58c48b910faf67785fcd88f4ebb7fe59a75c7,Transportation,
8875bb48973e6cd457682b2096c8b3465d8c348d30f98e753cf0c0b6b60d0dd9,Food,
229540c64bb1dc470607d97bf5e40d2e65de09f44a02dc4d9fb1764b4561419c,Food,
c8177e7f7513b8da8ba7b0179888256d50fcc663c3be26a88260c0664c222676,Transportation,
a35fbcc107d25b296b1f6838f62719c24fd347744a9cc671915f8147bfa01ba9,Transportation,
7462b912ca3d671bb4cf0b27ca2f8dcab835ef66a345be8f80625b14a9bf4ccb,Salary,
37d684a2faddc3d4a774b64dcb73f5d77ebe330b6765eecb4f2e31a6db1fa5d0,Food,
90d705aae665ae7e2df98ebea64c4f4d420a9740544f1fa24e9a4b42fa9ac519,Groceries,
c3cbeefcbd533afcae4b57e28a21c3cefc956bf18eb56ad17be6cd58b1174c85,Shopping,
5e2d595a9f890992d74f5f84e3960afde5fff0265fe8a9a705c96ca725d8b258,Food,
c0c8d3769936844496f9c9e2585cd7367e8fc255f771acbadc4093c5cdfe15ab,Food,
99c935ecbdcfe1e0859ca53fb20b0a7429c5998de02ea8119cb03f0d79754a32,Housing,
3f17d2d3ec91e979f906247886aeda41a0b41a16d110ebcee8d2a8b070ad7bac,Food,
d82bdafc9c5855a73cb07f1946a51fc14417df2a732845691b8f2f83eae76a25,Shopping,
2f6a1c93740963379737b62f618584a2e9485172a8882b9acc8cb4d26e8f879f,Housing,
210a5d1b765421ceb33c97517e1c579b82e2c4015df53d734063ed2d9c71bee6,Shopping,
ffe4f5db134c9ca00ec1ff13e7133db45ac4db35f18ff780bbbbdd518dc0c456,Food,
31ee076abf3a779865cbc21fc6399bbac04e01bb80b3ffc460284e799d594b16,Groceries,
393f6ba20537c4c8b7b2d7a199897ad57ff1a29602b59e3f19b82a736e4a817c,Food,
98058814ec074afd15b685d5683b391c0543a270f8d5031222de4e6a606af2aa,Groceries,
fb0a3b0c626fb50c4e9c41c60f0c07fd734d28cf6c5f49ca1a94076eba3f8a74,Groceries,
fbdfb51d2ec4662b6b5aedc47560e52ce4a893c8264be479cb4b16b1431dc7b7,Groceries,
bdc63d9fa80fd539f7bf44955b1a75c9905fba07fa27f06cf7edad6f049da59d,Salary,
aa0840173a6f5027190f50281b001673f81192d1e0930dd48567871c626eace8,Shopping,
2f0281a41e0cf2695d4739b8bdcba91fdd62ed1a07fa7b5b90b31017ac9962a8,Uncategorized,
69edeab3eafbe73c725890c088f84bc897aca5f373d07975b9e7d80351f1dd69,Salary,
fae200a76b4bb05312457e8e8fd72192e081c371265f829814e9bf968780dae1,Food,
cfe1c171aba56e836a2f17806b326cd23aaa00fc52c9d6f1ac26da16d0965377,Salary,
5abfc92ee15fd2e5e385ec1d431d89f8dc0d382934cb2d26ef74b7a02cec15ed,Transportation,
17b0fa1b31e23a82300484c33f1b56a68155d36a7fbcb6e3dec04029a916d489,Shopping,
e8b4596e81694e4b9694dde17b060ed15b5f0e5811ca49d7c9a7a078bc58620f,Transportation,
249e688e96b0d84be4d4da2ec0270ac0e71b5d082da0db65b6cc086a42a7b058,Food,
0a277b16519ac0bfab01459f2544a099943400a02125dd56b807ae921c96bc30,Services,
406ae5140261ceb3eba8f2ac5fdc97892d5d105f83c3d3b76ff0fd9a6d2b8541,Uncategorized,
bd54f7ce15a36c80b9cdf3abd978ba265870a920f610f952526763a32149f4db,Uncategorized,
a195af53dd9700f72251734a6907762f5d1db7ab9ca9c9681cd96e54859436af,Food,
0fcfbd5df7cd489a9fe5e3ca64f8dfdb3db27be968abf1234c9efeeee4e93acb,Uncategorized,
f8b8b7839460370721531218215a01092da6291a32c205a681f8480e3a3fe21e,Shopping,
11a981c56b760e3b286be7d5b71b51a97f111bd4569c8e392699b9c00c056e13,Transportation,
372f893e79e6dac243a8feeee61ef936628db4ebfaad4788369cdd94367b1d37,Transportation,
d292d98cc84598785a0bc799927b0f4631758faf49c39caba30ade945ed1421c,Groceries,
7f1722f51ec940cd2f5ea0ee1d5412ee18e2080dbcd0f1d9f15a15da908fc4d6,Uncategorized,
8bf199efc93d191e4f9537d4a390c8ba2752c14adbc431f117b12c2521fcaf13,Groceries,
aa67135d13573b5822f3669001aa1678437df8794d1fcc4badb2fae580e31b53,Groceries,
1224cdcfcb539125aadd0ae2cdd1431cb7658595a204a25f0c416e48174cba2d,Groceries,
69a9399d8f05c94dc23b5a5fadc7a78605ab8ad3f7d42a7c1f7439f7ce454b48,Transportation,
ca43a23c40954858442b61f42fb2bab8c16a2ca1de726be64c518f27f3e7b4b4,Groceries,
5dc84c130709333e74a54ac47a4a4b62890e4687a7a7c7f8c8d11c0560572c4f,Groceries,
abc16cb19c294ba7327a7b2f3de1dd9b5b98b847571aa9f31e579f8933b9543f,Transportation,
db7ff926f06f20d18ac53b7f3cf47d33b8e8195a6679ed71ee44b552785318fc,Groceries,
d3e6505a58fb5ce5d5354db1f46b415727c3a76f49e176f3e840b3c56609a93b,Food,
7d7f4e54d44b10881dc9fe195e19ba5f7ba0588611a397e92a0e2c9a2c538714,Groceries,
7d77d8a11278ae25765e81bf0ba2e8b17c17b78dac9c73939eac996083fae199,Shopping,
5ceb9d92130d03021de8ebc02a67954cc53a5d75c79fc4274e3c10f198d635c1,Salary,
cb5b0c82937894748d1c98740bf37753459c867585cbf2f9448ce58915421167,Groceries,
32a71555dbe8eb71988b55ed98373b37fe21c46f049f2ed059fcec2bdbf5ab8a,Transportation,
a40b238be228202e5a29e1b0007f6ff23d361e846e226b996f060892a08ad003,Salary,
5d838383d9af0d69417081d233991d194586e529abdaccd94721d943344d71d8,Transportation,
2f0ccdfbbaec66fbb77d825fc56401e7b3b44853ec190d3ba2b0a725abfc51f7,Food,
95521606c962a93dbbc0e1732fd2c858f97196e4223c4972004a608edc9e327b,Shopping,
9c77a86d30636a44c7e201049815d20e33cad3b407ba3805e10ee94b0654abf2,Transportation,
e444ab57b116573e1315ab3907c9f83d41f8056c3cffc720f5ef208fa4a259d6,Groceries,
53ead6204834ab95bac07436e4ec5c8ef65c2257bcd103a9b3bd63d92c6532e0,Salary,
13fa5e6ecd4349dcff5b6d92db6b91bcc7f9661ea77207df790169573c825b52,Food,
334b291e756ce4fa8729bfab5a7f567dda30cee7babb760eff37876b527cba00,Groceries,
cf2d8064ffedcdab882283839b4adea0534c754f1f494e3a6fc4019f6922c681,Food,
732bd2192b5c82afcb4f00f24785044aa07638337fc14f40e8a3c9336d3c1f2d,Food,
a4b225b736ed32babcfec451a60c76c3292e2655216a733a018e4287aa371532,Transportation,
0af5f113922f716c91424eb5a99ccd52f6d2b2ac93ab377134b27d9f8a8da7d4,Groceries,
87c36d36426cef4c3be96b75e4a7327b8e1e5737062fc95fe0f891f723077bdc,Shopping,
3df06492657a4a64c6dba0fdd8634f98cf1d9f31e9f83af1f739e01b5ca95ba5,Food,
c948857b2805c7726811c542cc70f2e35d01701bfb47c5a36a54b65057deedd3,Groceries,
e609261532caf8cef077b7b7a269ee42148ac11ccd57e990296dde6b22832182,Groceries,
496c4b7a55ee686c3def0cd12a4aeb71a22649bedf152fa50fecc3f39c039b93,Housing,
8e1147abd92ebedb629cfda100e385a209d083e3a54bda75662ff9df7d1faa0a,Shopping,
ea09dc6fd7786be2ed4f082786d37512e236ff41ce08aa2312700787cb3542b1,Groceries,
fca51f4d6720be32590e8df5bd83e5bc83379f093967ba5dc52c8c55ccfb354b,Salary,
dbdd54f9d28649e61ad3699ca82023a56627f2c726520faf271a30e670a12eda,Transportation,
894b0b2b477edc13ed233f890e083b3a33c5958acc98f1142828f10fd89b0bf5,Transportation,
2cf4e9d606f100cb4c2412bf3be235e68a97d0d02c49d5c304168607f012ba0b,Groceries,
95f9dd3c2b6ed20ff31903ad396311539ecab41bc0124a84d7a23f768c895d3e,Food,
dfd79978748fea47540793a526edc4042ca78bc0a125ecd13d7ca0a90c40740f,Salary,
601825d42228b2b0b229d765278bf4b99a9231d3dcfb79ebd3aaa7a7e22ab804,Salary,
581030bb1ef7365b71f466de72ae0035d52fe7efb55166685a365b0a909cfe0e,Shopping,
e1a07bc60ef3783f425e44877d472769db7834c29d1a33656144da2c90765072,Groceries,
392b8460c8b30a584581265fb02e2400c1217cd5ad842de32cecad8b830c1554,Salary,
b5c3b364e43e709279e87dd73acc58c139a3c8dc968d74374eb8ddef0dce0240,Groceries,
59f3f68bd227cacbe8e5c2858d11697061371e50c6a25dedcc11f30d03beda28,Groceries,
581dc896fd775dd4ef9b530c96bf0e6e0191781d87657c081f925ae2a3062028,Transportation,
6e1f7690c2d20842ff1e2c6d87a1e6163cd9156a21e6389aa210deb9bc846b0d,Shopping,
1db66031ca900e059003ebfd054cfb6963e7d3945133e9d04b6aaa7d0fd555a0,Food,
6079f9208ff1a3b96ba47361b9209882d63d853946c70b2cf2c9dbd95dd83531,Salary,
372a70ac5ef2b84e015d532aac3e340362f2bb98200962e07ffcf6e3f1498403,Housing,
ae539ae8a7eb5818ec6dc0947aa7a1a78a31c56092dd9b6846bb23d2a7f2f9ea,Uncategorized,
45f26896b2485886b19619eae4cada0e4404383464f47d0a532a37f3fd71e15c,Groceries,
5e31f17ccdbed7d3f8a8be6fef2d89d6a5adc73f35cff23253f7e7c265343fd1,Groceries,
43b6db9091d4d121c1cfb7e957233291d99b981018ad134ffc79720ab352cb63,Uncategorized,
962f1a53db56f7270b06f2d62d47f2d311b106a252ef4326c601ec50eb08bf5c,Salary,
ca11a8053229142e21c832e68e042e1dc88a7fb1f71e804945ff97d564c2d55f,Food,
c6e1b412df5e800ce24ef325022a520f6b4ad9640b947c5549b2c58cf09207cd,Salary,
c5d1d7a0444499ace5e8cd2f9e857009885a218d79e4df841ca212fe3853fae0,Uncategorized,
4b1cd2f3c8a9ed3c497427ca81e8927ab4daf549f6b270d8bb05ec0ef135dda9,Salary,
2ddea918a777cbd990103e6539d36e4361ab8a20bb801c294d1a6d5cdf897289,Shopping,
1687b4f854ed791a44aa36c1823ae6de29458ff7634da95d5b87c2b983ab73c1,Salary,
d7d54de7ed61373d096c5989f62b59503671ae398e5f6654f630f5200d8c6800,Salary,
c2df1243daee3676e5f05677dd9dd021d6c6b6955f241dffe0603159b66dd2ff,Salary,
9f502dc4c960eb118695e5122bacf7a907a1c62f158b5b132fae5260d24f3f79,Food,
390a8a1ea8923029751ecb4c5d217df4baa06724193ad2005dc7250b6b9dd29d,Transportation,
df4d1f5d518355e11eacbaade3168fcb434857a035303d46b86a9323173a35f2,Groceries,
bc2cc4ae0407211250ac5fdd32f723b6e22a06978e559062c6293bc1f13c4773,Transportation,
18cc0eb077350c0910ea1df0cc733c0dea4b45ad0f743ec33282ea8fa22943a6,Food,
13b92f7d7e8d301d807f8b30d438c94999f21c42ff65ba390c30d83c08efb1b6,Salary,
0eb71df62243870e0cf73565c92b118fb8fc1e925d798c472dbc1c074bdd944d,Uncategorized,
ac23f9ed9189eaccdb84c1355807d70d4ad1d8450de59e4c52e5be3bd7428973,Food,
0d887bcf4603754903e773b24c28043b59180faee355a6547cd001b38d75d946,Uncategorized,
0d09aa3c28a83ac0543a59fd384a0709d0a7086f4be6e868805fd8c1e3218fb2,Salary,
f7ee1391a760dbb6d644a035088d94d87771b590202e2ed909e76904ba402092,Groceries,
8a558d9bf9fcb96347d669ba7add28d9d4deea798b0360323cb719f2577dc56b,Food,
0cfb4de14364b7fd4434b4f3c9fd90232fc977fbf94b90bc3f022b5673230f2d,Housing,
ef86da6ce041515f51c5868bfc3afe7a9da7e23a374ad2927fa60f32961f776b,Transportation,
cbaaf220038fc9123d2fb0c166331367b966f112bacfc5ce30898e43117ad4f3,Transportation,
1978a86ef3b57b183e034e1a41f6380bdd0c9cdd60f5b568f9d2277b2a675b6c,Services,
2a70d03091f7abec0b701cf04c8dccad28f861972b82b08bc1ec8e2f3d69bf2c,Groceries,
8ad34152b47424e096bbd8b8b5142d1bb24b2563fe607c8c5cdd9cead7709ead,Food,
8d4153944aa32dd0f11b84dfa2c397e62354790b91217f7fcc7545c74e5081f0,Groceries,
f8297e5e11a39df0f372bb7eff58f404572dd18694afc048aafc3af83f8fea8b,Food,
b50d90f1099a93ac9ce18e019ca6b22a750206cf5bd3a101bc25f511c7fd7a32,Salary,
9672b90811ce1852aae29c66b67fe74e251e4b31df4e45a98d2c97d9fb230e05,Food,
c69e05174a8c67d8ece66640c39986d40a37c34c95cd7e9bb250279f8460d42d,Shopping,
b135b342f4eaf95a776055800f017d21866c5856b22647aca300bf1ebf9f7e73,Transportation,
318de2ed85f451deb67e1631aa8547dfb245500ee0d382bd0db3d539095a284d,Food,
70d31569c3a309b88118b787a8b8d99bd38130b506bf38169b3f129c458a8ed6,Groceries,
34c9321607e385f953903cbb09aefa6a042c6589c13b448ccfc2a1f529dbe1eb,Food,
5bfb0e6861780a2afa0d36162ee15e000d33b89812ea53b48ac1e4cb13ca1739,Returns,
a1b6059b47ae411dfd27c6ba0ff0d23841a3ce985c1a2828f4a3973e1504e490,Salary,
52ff04cd8bb56225a99415d8792748714db66b6485e57d9aad8bc754b3789ca6,Salary,
2b61988e674da95ae221143654b914afbbb63d9fc63e3a5e6a541ad7420f7cce,Food,
5b00a08e1c287f2a97db15a5d429f1028c0d1aea440a93f904500aa0fc799742,Salary,
2c78d1d23c85bdeed10c1adc6f66e20abc27c7e68320be685701671aba6cfa36,Shopping,
619152de9f4563480f87b5202a28c82f52e7fc603fd5e573c96e3171c62cde8f,Transportation,
a1adcdc966d579810b1df9c58a028dafb0b5e187c634badafea49570b19524dc,Groceries,
f0f32329c58fbe7b9236cc7a88c8ce9742298573f94287b6f6c7ec65609599e3,Shopping,
812647ebe180252d380752c8f6524fe077b2eb2a6ea2d16bfb23145bccfed762,Transportation,
c62d158ff4075644478428f6ab6d2d0784f235f2a54f2264cc13d81fba5b73b5,Groceries,
0f76252342618d55e1cc2bed73d90282657b437b0c0c3515f46e6fe1b0beac69,Salary,
2f9afa464c5fd432982ac45bba6c1c2d4beab29f9e6b9e94f9de0326ca6de55d,Transportation,
0e6e7aac072feb1442911bdd3cb340f7feb8a16396a92a263a2af0cc3f8679c1,Returns,
d04e32d0b556c8202162995cf4f68e90c6bb0c12cb4cfce46e94faaadcbdcc04,Food,
74c05c26fd39001045c4124c178fc526243851c5098a0f77bb40fef04cfc4896,Salary,
fbeac007c885947ec52b9ef1de4ec3b708bcfa0651ca594f12ec7fddb806a8b9,Groceries,
71e89b72551b2f442e4bc6d34d0ed48196bf302ac44e614c66cd9bb632860642,Groceries,
1818b479e76f9376d5f849f3c9257ec635bd86d4e91f7963998d050d7492fae1,Housing,
07a1182aad9649201b2317458155b8d074403e3d249b367f6f7fe07e3963dcb7,Food,
a4b2f6a51919c73945c1eb455cc32d6214d06ad38a7d16f2a63cef304321c8a4,Transportation,
05c0769da4fc0a40b78213695bd80c58aa05590a074a1a64a10273cba2cd4973,Transportation,
3db5df910b6a244699cfaa6e53f929c30cfa5dd11baa0bbf51fa6ea6e438e26d,Food,
812af7ca869eda98ab813bc7b43a9f4e0644ed706fd3d78e0cbd841824c9be1c,Salary,
55119b1641c6785034eea0a326a7d07cb14fa980882a540d7114f9e917ae4975,Salary,
c122c5f48d37d48589a0dec4da709fcbd8fd7eae505bd8f3afaf45ae7cba1be9,Uncategorized,
5f1053fb68d81df098bb5ba096724abef1334de7076c253c0892af3f55664a74,Salary,
c6f89c7ff8bf5d2abc918b7f1458469e2c0a8cde3748075264c0164091344760,Shopping,
9aafafb33bfe703bd91e63d748619182de4345cce677c407a3d9781fdc435e69,Salary,
c3fe124bf8e815559baa1765ddcf39a0ffd4adeef7d9341c3b2f33b0963fa4e7,Groceries,
e621ecc520ca29e03431cf30e9f3b83bf4df8ea07623f954d106f33cd3b531c7,Transportation,
42ee20e70d004fbc4986e7432d85ec7fcffb72a0c5eb086b05be1512b9b9370e,Shopping,
147fcf8bb746ffcea125a02b9d71109ddf9a33dfbc5e1e1a07bd57975f0e5a01,Food,
552f8ead4e5c0eeb24804e893053c1792c8e30086c67835c649b06cd02831c35,Groceries,
8c42d22b50cd3818374f53b6d1d292435b41eafb8805f5d33898d598e50d9f0d,Groceries,
ebce44a58faf8aff5b6370f76addfa537c951d59094a026cfdea3a9514ed92ea,Salary,
c9aad2a7e457cbb30f5dc3ed11036fa9c508daf31486cac4f02e275013c930e2,Food,
27870ae6b6bfcd47ba0f7efc8c88612b88ffb693903db8326b0b7b1880553edf,Groceries,
ceb6b9d5022dc6dc6266cc251e4bb28dff1f44dc829e76a7da3193e2580f1359,Salary,
e42a32266ab156bd017cc207a7ba325fd23b432f4658f6179b297c88449bf7d9,Salary,
0820c5ee19629bb4d5e458c574a221f684956695750c9302386bca68457206db,Groceries,
242eaec6caf478c2cc245adb4fb6d709e1dc74fb1cc7ff0f547e54a65ebfb72f,Shopping,
9cd42889bd5601f7ae739d3bc657f2820cbbef254a6d1a182155746342714fd4,Groceries,
3c43b889943d5251fdc7cd60f79a15bce467a3178544e12728f32acc666ff1e6,Uncategorized,
d3aa87ff6b8fd96c2004f4f2c7efc0b7c21eb645fd94562629ac01fde1d5d185,Salary,
5d7129e2552c965193aecd05c04b345ab70f104e391b8d46da32345ced3e478f,Transportation,
c588eded38b20b7b165daea3f79e18726eca51ffb389518779e76f9c587dccaf,Returns,
279ccb7a4f8cbfe08a5bebff291c37c4e456062eccb99a795f2b269af1e00ec6,Shopping,
335b4e0dc3d20a72d75d335d22fcce1eeb7edd300225e801dca7770988977549,Food,
945fc1ddcc068e91fe1829ce95eefa0a9aaa4c389e552fd29d070a92c74a1d32,Shopping,
4cb26954f1321f11265ae881d135686e1076f220b958f12f916e471c8768131a,Food,
cd6b83219c709a19f6b70791d84f0df7e7bc5f67d4df58835982cc4f0a65f02d,Shopping,
18ca6fe7d017650f07c969234243814d1fdf9349ab852d3a280bfd40e64976c6,Salary,
32734e6f8a895cebfb5b6305401eb80ede7cf0e3725b9c98b7cfd4d3e3d1da3f,Uncategorized,
857f47af284b7106be15483591f663d5f92f2032d2097e400b6e93d85a1aca74,Food,
b174460131032237b08e1fc88ea3bb39e60d7760cff10c63a987fc01d5a8cad3,Groceries,
b7c9988c19e02adb78a783c8a83717f62033f69aa153b762f55d42799250588a,Food,
d8cec910dd180cceec5f6d4cfb584749dac2bda770edc7a1318d0c31aba373af,Food,
7326b786acaf218665af4a4505ab6f3f8511280f461666a11ec4713eb8ab5f29,Groceries,
78cfc7f5cc38596ae612f417875a58b871b8eec63f4781969256b3516d7abfac,Services,
35f9ff1798a2775683cb854d55a45b802b3537e7c9633f257a00a58b4114969d,Groceries,
6979a9650e4e99b3bad2fa1c7dfb32765477e64550a881cdca4211e4b811b874,Shopping,
35f6213c80ef8df3d62b26c6b925ff7a670ae9f371011b9e1de459e3069b3675,Uncategorized,
20a40edbb4c57c43a11c7fe837eecaa406dbd1bb2765fcffac861b6df856cbf7,Housing,
cd63766a9a879fd7d44eb6056f251686b9bd573035574ebb2fecf5347568dc7a,Housing,
31b1abbf680cb17cf5e1c061fc08d2038ef0e87dbce75a48a5a5aff3476dfb74,Groceries,
ede96c8576d696c115f56ed285033bf6ef7422ec897612f2c335045734b7c6ee,Food,
c0d2f49749cf07a1262f966d7e2c1fd3236cfe0bfb5b19899d59562a5ee47692,Food,
6ba90886eeca7d2d3e40d9d4f3d5514f02f1711346fc3665538353f3c74d4669,Food,
ba973026fffb8bc71f48bcddb3faba36f9ddf6f207391501350389f738556238,Uncategorized,
7805b9931edd6ddb141f37f302b38e803b5a076121ced223e69ee0d14e1bfd16,Groceries,
4c0d2c81e56328e93aee8066be2a9f5277118956c355be0be1ba79dcdd62b61d,Food,
c961fa5305b11e2ecffc8c49a312fc45b3d13ae9e556c16353b64d5f59a4b6b9,Housing,
ba2632340000aac7eefd5cb230855cc44750c94a270096a1527046f1c6762a4a,Groceries,
a62b48619a8b88e8b1fa41c5b3d9727da97dc09432878712a8ca868f12e4fed5,Groceries,
10426424f91117750598cf1cd6b9714a2dd403547e756735ab0e279fb2f42bc1,Transportation,
5d5ffe910b402dbbb4f6822e7fd695b4ce804b4f1e69fe9a29c78c90cacd4977,Salary,
ad84032cf027eaa697ddb9edd723148912decb328381ca38bbf08b564869983a,Food,
8ca4a4ac8bdd41e31cf4c2d7bb060e6c1e41174b4b5dc11587d19da9a991e10f,Transportation,
a32d5a95baf8b5b97dddeb7936e699de826f1fcc4aa9f4d848853eeaa73768c1,Uncategorized,
48b987e5ed49a56980428ffa08fca9359330042f433e380c70242781b4d44b95,Uncategorized,
adb199cdc80f3fd162ee9bf36c108ce34c3f5d78047a681c5cde52aa601a2216,Groceries,
b7f351190a035e0b51fd62fc037e74818dfc4c8a44a1a8a7c64810d2da798e72,Shopping,
7e89c136a7969e0da3e090fed3ef00c650c032cbee5e2d1f4660f24c2617a4e8,Groceries,
0f7934f07d3431410305431df4d98b74a3e2ecefec5bd801103b95a1ac942534,Transportation,
45fddf6572858c1dbd3328bc6575d6adc408027fb20f8f98b46f5f3e6ed10d10,Groceries,
d17c5596136508f4f0b647f129dee1c90e85de85684b622afbf7f2f4381ebfee,Groceries,
7c820008dba96893daa136fdc7d12d1a9dc374d6f128b93adbd340a9433f78d0,Groceries,
f33bcec95ceae8abe42137cf6c80ffb81b745f164e91b06300525a5e701bb75e,Salary,
779ab1a1ff369da59caaf0643f8879f2016ae244759a4939c782afcdb1d1f77f,Uncategorized,
b4da57bccfe734c9b034914cb0a58ba96803f517a0485cb2fd4fc8cdeac0fb91,Shopping,
c7201e1b37207cfbca1c5f3dd34d2396579051d3b8cbc38b12727605f7e506de,Groceries,
98cf468263936eb25eb84f946a5fa7a7543776d72b71769122aa5f19a19cdccf,Salary,
ed8f93d7924bb44733997b10abffa1d8506cfcb2402e61941c89bf634a61c42c,Food,
4bfd568ef8d174ed34016a65c5b5783dd8d9666a56d5c4e072f074c5f93a43fd,Groceries,
76d7f758c04484d11c65f92b55f6b277f77cf59a6d032f4e988733caa1df1f7b,Groceries,
ef802fa3eff3eaca4c05a7fa5c93172c7a239b41ebff82a112500eb7469fb022,Food,
b6d283ae6e6b333e03fb2a47da63ee116f9387d10b033219c4a3e3dff267143b,Services,
4786dec192628c0f13a9e872517d573a8115f60a874f58a95c6ecc210fb49327,Groceries,
d600c2ed2eba77caf80810260f594f3d41394a4ffefe68ecdb6a2a20a6b40b68,Food,
bb9a4270df55840d1ba1f70b2887a706a34ac23cb8a394e94db1cd0fbeeb9004,Shopping,
4964b532be5063ec9af05494c3f1f4ceb251816235bba43dd722075f677ff61b,Groceries,
38b794e91929ab8a565e62a78a7a87aba3f6d2a5375be737fe4914c952887829,Groceries,
a86a9541e5e3ef2718bb2061c9386761d41ca9fe8cbb926ceaf95995fda48fd7,Groceries,
70ffc479763d8398f27c095ca8cf41af3f4aa582cb904d0325f3a94674511f52,Uncategorized,
17db08296824d67e51e3827ef62df875a7fdf61933b5d044f4f2511a482d33a5,Food,
601c68bc5215572816d50af24bde2ac25e02004e6e1c67a6216b8a79d1082ab2,Housing,
685c3aded8ab4595f1ac7d7cf2b667da1e6eef3a469ba9b09ab7105cc04d3003,Groceries,
dfa63ff5e3dec99d150edd5d28ea69b536d47df83aac14cf4e9fe6d469839103,Services,
0d4d2db10e1b921b6472fe44be323e7199da1da03439dc38361e6d14b5a7c4b3,Shopping,
0df4d8978a8af3dd86b436c8686f8d8bd1b19f7dda67482debfec5dc7f05fc76,Groceries,
5cc45fabebf591c87cd983a39d86bdeb3cd14fc2180f32ac0501a4699f2aa25e,Shopping,
60241d7698b9d50e869dd26b3a32b3bec7c378eef278522fd92475d19d8f07fa,Transportation,
2f2c18d9686fbf2521add16ea3bf04452e7f2a088ef068060f7e62b3fa745ada,Returns,
5c21e36f1c5650dd35379b66f1b50ca38b1b2a6bf6f33d7d8e8b07bc50bdb55f,Shopping,
620cc77c9ba52cd18aff0519db45bb0232b2243413a7ce5d97b656f2f40d3032,Transportation,
7bdf31503fd8cc5c3300bfd2e55755187fb98a0944258c45ff1df64c1fb5e05f,Shopping,
a6d2761ab6f513825ac76408f102343f59e63513ab8ddb64c5c89b32f1556e26,Food,
ff034309c49ae91fd3f68b16d258f04e5004acc6ec8ef7d3560ea54132901c42,Food,
3d2c5469df4c9f0498a56faa93a91634629ace0dd6a8230c859dc36fbf544286,Shopping,
dc0f6fcdb773910e4365f3caa2e15005a6c00d5c63a275620e646dc8ad0815d0,Groceries,
acb68fde6ec0e2e7b70dc4bce6de11e86d1550c6257cafabc5a46b108ad94c7b,Food,
213e928c8351d7c5d193018e789c77df2b5604167ec1f4eb4ee94a870e06d49b,Salary,
5debd610d8aacfdd54f6e4140f53f64eff1e03df3a71baca0738c711d100262d,Transportation,
84a1b67cd7d1e3b6fed3f9d45d49f9e244221db9df18d28739e7b1f1852b3f38,Salary,
b8a836b9ef7e8362d260323b27180aaf64e0c3f2b0d52e813259c2ade0315493,Food,
2f7bb890d12c7f0b93a0513422786eca80ebc4312e3651ee61a478f5b2ca1323,Salary,
ff1c31e835366d5a1607e2a543aecdd9d829060a47b97cdc33c1f618591df569,Food,
7a3a8803057e2ce987ab3c440a39c6fb7128bec3bb1e026852d182a23ec4afe7,Shopping,
c4e7d2537e66f72f7056185eb8f58fae0010bf9ae4de026c23be4f624edca3dd,Transportation,
65071d6bb9727593c3ddd8f3ee58981c4b472c5c2f7c41ab23877dc56b6475c4,Shopping,
dd60fa18d8463521eb58380b1ee85caf276e8afb9dc8dccf8d3797b84ae36e7e,Groceries,
ff50259506a47aaa84353baf859c63416be2e7309e7dd9a0ffbbfe29f8c452b9,Groceries,
90748cc2b3833ba08b802f3f9965d23b19930f4eff2b992cab92fd9190926e9e,Uncategorized,
0a7502411851cff98e60ad03195cde1fb77e0f2c1369ba07b30e03b7e0baefe1,Shopping,
2c090f15f526f5567b6ca1e2816bc5886898635ec76e8c14ff4dfd607d595ff5,Groceries,
c095ff32196faf9eda12b4aec78ef86383f7784d4b538fbe85606910396c8203,Groceries,
b3b6e909efe940ff334e08db9f7a34fe801639f696c3b67f7037026eca1e2fe3,Salary,
e660bb8f3fc9a9716012228fdf6fea1bbb2f351f71dfec814b9a7fb4e546ea69,Uncategorized,
bfa95420f2d00c0e89200a14629546bc9c07c383850c63c5c1cb2a37c7a15242,Food,
ba9ab212bd99107033abe054a04782e9db7532df59ebe52df98ac7369c42fb1c,Groceries,
affa8b9e5f4e4112355bce3dad53a1c30f6e662c0ec74936fd9bd6c0a1525895,Uncategorized,
c61eabec4e93c9feae4a402dba5c926ae0a8411ace1e3cd812af06355ef16241,Transportation,
6129003d9c8df489d2ce66b6cb085a71694b614d0bf2070cf6230c51c8ab37b5,Shopping,
7bc6b2960a68b27628434774b17a374f35fcfc320fe79591b86ed4899430c56f,Transportation,
352884e98b07614b647294665fcd49bac20a69c2069c4fe71cfd8d3eccc6dd31,Groceries,
42fb5f9a5095e7e10ee3625fb326e8816245c5ddfbc95d8e72cec3a5df4c062e,Uncategorized,
930fcb211f3c9bbb6412ea988e01ba4120cf2ca496afe2c301d607160b6b33d0,Salary,
49efc9eab8dbf51df7a4e07bf1e3234fdd24bd5722db73f762a1b829f660274e,Food,
07e2982f051f9d1ce27156a52dd51f717de783d73bb43139c551e84bf26032d7,Shopping,
0a1b7bcf19f22dd32dd7575b0fa964bed18b8d6fa877fa236d7e3e5a0f756d48,Transportation,
83b72f48953c0225839f8388530dbfaf0c50c5df95ccf4dc0f6b1829aaf5e148,Food,
30a61449e2155e37485159017bdfb3e5c450362723c7e347e87f1b8730bb715c,Uncategorized,
a87149deb367d1ca4050b288ef8c58e5bb96db62034d60d6edb9a98f44185ed4,Uncategorized,
3c10c39a1e15faba1fc5176438fd9aaffdaef45559d40345dd1e3e38f360044c,Shopping,
6d38f424c40ee1058b728a6a9e56382e7dfe27e25bc0c384ba90ff99f0faa898,Shopping,
bf1e0717586bb156773c581da8ff578c7350b042c89bfe0e1d2fa3896a125c35,Food,
aead01d382e5f6817241fa2520ec21de887d09843f4956194af950ea7e1e80cc,Uncategorized,
598a6476ea4ac3e223fbf8f5f283c811670c8faf2a3bb64dbd9af5ffda3bd5d0,Services,
36430195e48e0adb6bdd54d0c5fab71eab009626f45fa5e4e6f69f636d04147f,Groceries,
bde3da5863fd28a042e30d0d0aa60d39453829f37b7f6b71e437af2c7605ed2a,Services,
3b21063aeaaabe9ec64dbac4e433b0ecb1acc87b2b6a5f742f02934d71e9c0b0,Groceries,
1491207e34f44600b60f69d5e222cdbb6a16eb4bce21525dd22f84681615ae20,Transportation,
cded1aeebecac5463d97cdad053da85979f8f366b9a324f04658ffe9265dba0b,Groceries,
cd1b41a5a4b06f93d82af59fa6ce492fb38ab4b58934847907795a9fa6a6729b,Transportation,
6013c7a1ee25a39ac16a3b33d41f8f7f7e0fdcfc69a4ddb86ed64263c326527e,Salary,
ed5e2fe4ae197344e0f4b3a919c938e065256b17583f4a319a96c7eb3a0bfa0d,Services,
c4f123d4ac0a3c14412753a813055d5e91d2467e0fb4f3d840df156746fd8492,Food,
5c2e8021793af4ab781bb1f27b502114ddc7cb6a294a45b7180488666fce5668,Salary,
758339d838d9fc9442e7b575d9aa91ccc750698ac83eeae93d4891f278b120be,Transportation,
3e9d1bf50da08be8cea87245a571be73d0e73b7d083c532004909b14dedf50e0,Salary,
925bea465b16bf74130879e4d5761488b24dc2b8b563684e0d1a5f67f573218c,Uncategorized,
e97a85fa2c0dfad4eb7d59ebfe9f6db2c5b1f4244b2f065ac64c9fd7811fac00,Returns,
eac832c593c053b7381ab15b7f7d84f293920ada33a9a0442020d68cc4cfc08c,Salary,
c832ce2200f27c473ce54bd45eaa8560e045de1b15aea7a35dce9c8fbec11571,Food,
33442fd6d59159531a318aa29c84cf16a4a5f5574f116e497f44a9d8084564ea,Groceries,
4009bdae0b08ed4d536eeca5d709a5f714f31a0425a7f672c95b38cf9b44a1ba,Salary,
780feb1aae0a8954642b55e87b848ddc3f485a667bab5b560f32e8eb18a82d72,Transportation,
3b92df1f438461ebc70b6d24c0d1d3c898bec83ece14590614e0a1dc8e5709d2,Groceries,
71ddaef4c0988581285156319a9ea0539abe89df82a0d2a028b574ddcd0e65ac,Food,
64fc1e1b53478f8ed15ce4df168c3762d7c68c8d2a09943465dbbd15185f42f1,Salary,
44696d191a8c5dd0b989b437eedfc30cc630df1407ea2762532748ad24a01f9f,Transportation,
883f2cba504740e91dbf62721e5788e541deba5dd0f5a5b5f0c99204d7503bf4,Shopping,
77ccd1448e9853fdd6b368cb4be65419525997304dc7feb72845036ce4c6689d,Uncategorized,
ed138099ed70b36783182271cfa61516fb178fcb99a9d42b593d2effc090c884,Salary,
8fc250e8ff6088b7100775cf7cd7f2a1ecf4030431484936fc30f1fc81318aa9,Transportation,
ef3d02de140ae0e0209d1ebd9281f207fcf1b8e2d773075cd616e8d727403dcf,Food,
c0370b22d02adba20a42f3e88acfdeafe8549ded5064584bf16bcbd7f9cff7f8,Food,
97048c81fc1a78bb0cd911d23f445c868d2719aec7c2310acfe52f161a248a61,Transportation,
f78a89906c891dff3e9e3615ca9d6bbb33d3da453ef33c393a07510108352083,Transportation,
9ad5d0c15514dad2c232c0cdd99b2763000a19a66a7aa8922c7579639d1d0de8,Food,
bf5e9aeef5dee9278749de885828ffb6b0760daa6a11872b01ba074537ee3ec4,Food,
ebe191824c1830bdd9ec1c046680b07d105bef5512f25dac40ce387f8882e484,Groceries,
82b60abd16bb9e8c3ee75fb9fa14689f4221d7969bf2f504c13a60461df77033,Transportation,
ee3e969f29f4e03203f754bbe5bbd939fe29888fa989446c8dd6898a574c05a2,Salary,
7f39114da1bef7dd07617b68c32412810bbc74f3f9d563ba2373ecd31830f950,Transportation,
7bfbf374dd15af2cdb6177cab3b0136238a5f141b395f091a54b904b7a63def6,Shopping,
c68d5eb36679855fb0ca504df4805ae27b26e9bca4dd28b3307ef88ae83908e9,Salary,
4cd66aae5391c2e637f121138b0d3774c99533f7d99c5b885f964abc0e056c0f,Transportation,
ad53444ef95095bf83127db8a088eea09a10f455f2160444d1ce64624b554288,Transportation,
9862fa96dbf6ade2c0d1439da3fcb3d654696a77180fdfb73b24b4c706aec710,Shopping,
e428c34f423bcc1c1888be421f0eeb59911275fe8ec22b27c668fb950eff9ceb,Transportation,
f2542f3e1af87582cd44728ca03d42da780f23993be80863b743fe274059acb9,Groceries,
12efab0468ec23d991c9d228ea85086dcb8b4ddfd551925163bfa004be2f9d2a,Groceries,
2ec55a0ec487cbefbca9b3dfb42d97a1b723c48caa5eec34c8bede328fe6a553,Food,
f11df80a3479be6ff25c859e3d267650a5415ee69107801c649cf23230ec60ad,Transportation,
00e77f2c04a92389fc42421207a8b78ffc44880a66c8a2b6cb883ee0d61fd25b,Food,
ac6093b101ea2d5f6ad80bb985674105e4db9eaf72255a36daa20614c0dd8e41,Food,
7867dec31cae8c0b5757f23c3c77155fa48a250e95690817d74f4ed2c1fa8afe,Groceries,
f2c2f39bb0dbd27ae8676822c15ce42beb1c75131ba4775463de3d2fdcfb90c6,Groceries,
f1776009a5258f554f956591b2135888301d1466c293fe357d8262598c505d95,Transportation,
